{
  "name": "Cockpit Desktop",
  "description": "Allows you to view your monitors, replaces the external cameras in the CAM page of the MFD. As of now unavailable in F45 due to its complicated screen",
  "dll_file": "CockpitDesktop.dll",
  "last_edit": 638014623398280380,
  "pub_id": "",
  "json_version": "",
  "version": "1.0.0",
  "tagline": "View your desktop from your cockpit MFD!",
  "repository": "https://github.com/vimodev/VTOLVR-CockpitDesktop",
  "is_public": false,
  "unlisted": false,
  "preview_image": "preview.png",
  "web_preview_image": "web_preview.png",
  "dependencies": [],
  "mod_dependencies": null,
  "ContentType": 3
}